loanword	is_valid
access	1
aim	1
alert	1
audit	1
ban	1
bang	1
bash	1
block	1
boycott	1
box	1
bully	1
bust	1
cast	1
change	1
chat	1
check	1
shoot	1
combat	1
connect	1
crack	1
customize	1
default	1
delete	1
DM	1
dope	1
downvote	1
draft	1
drain	1
dribble	0
encrypt	0
smash	1
sniff	1
standard	1
exit	1
export	1
externalize	1
fangirl	1
film	1
flash	1
flex	1
flip	0
flirt	1
focus	1
format	1
form	1
freak	1
freeze	1
fund	1
gentrify	1
ghost	1
google	1
hack	1
hail	1
hang	1
harm	1
hypnosis	1
host	1
hype	1
intercept	1
hang	1
lag	1
like	1
limit	1
lynch	1
link	1
love	1
look	1
make	1
melt	1
mope	1
nag	1
knock	1
pack	1
pan	1
panic	1
park	1
perform	1
pitch	1
pin	1
PM	1
punch	1
post	1
posterize	1
print	1
protest	1
push	1
pump	1
quote	1
rank	1
rant	1
rape	1
record	1
remaster	0
render	1
rent	1
report	1
reset	1
respect	1
ring	1
rock	1
roll	1
sample	1
selfie	1
sext	1
ship	1
shitpost	1
shock	1
sign-in	1
stalk	1
strike	1
surf	1
tackle	1
text	1
tick	1
torment	1
touch	1
transport	1
travel	1
troll	1
tweet	1
twerk	1
upvote	1
vape	1
zap	1